{
  "index": [
    -0.3102244642125966,
    -1.0175959487131465,
    -0.14941421775433505,
    0.2850832186642413,
    0.1761753522049666,
    0.43953197246184594,
    -0.1032785729517056,
    0.29414657730225197,
    0.4490390522185603,
    0.3108933764077432,
    0.24788363671547736,
    -0.09031471685102017,
    -0.06629856475651942,
    0.12806548729403933,
    -0.2016121088153084,
    -0.881813981228576,
    -3.052431141201644,
    -3.547110461221914,
    -3.1161444149630855,
    -2.936338497670634,
    -2.1174079388760543,
    -1.6207149572166852,
    -1.4920650841139327,
    -1.1757243588935937,
    -0.37778052342162866,
    0.04431009874505189,
    0.3658434978607456,
    0.5677774193002112,
    0.565565338408734,
    0.4048100026818011,
    0.36854900202001395,
    0.24912152571245938,
    -0.18353503298460988,
    -0.05981026301475152,
    -0.14342870311900346,
    -0.38173563801608923,
    -0.7445380818502352,
    -0.23315231104809653,
    -0.7495445174782732,
    -0.8231472901764255,
    -0.4266569549704263,
    -0.7467099834477698,
    -0.8576521448667166,
    -1.5692487382848455,
    -0.8598804273521242,
    -0.8189365942876982,
    -0.8780347829826187,
    -0.15601294818771927,
    0.04349784562575987,
    -0.04680362004336118,
    0.39594209465910285,
    0.5041878684086614,
    0.08950339454958063,
    0.11822553167008769,
    0.2467010293403381,
    0.5319281546376308,
    0.7268313838544581,
    0.677889244287197,
    0.5170572485791407,
    0.2564818243507244,
    0.6633908484324896,
    0.968146289100752,
    0.7598482082288656,
    0.9414611894260717,
    1.996707731059169,
    1.7614777184216455,
    1.6979558904296566,
    1.6122596252719008,
    1.508344775197374,
    1.5143686556728195,
    1.5467872353517902,
    1.5758280450830393,
    1.671621039547615,
    1.4184566328799635,
    1.597066227824956,
    0.4128971952238791,
    -0.2491467655862703,
    -0.5817308912149239,
    0.03230486864662352,
    0.3189906976295708,
    0.3663443073996253,
    0.36369232837976595,
    0.3419934151663226,
    0.20471184157360583,
    0.24730561031327664,
    0.23897408755273697
  ],
  "loadings": {
    "NL_level": 0.7028547724936037,
    "GM2_resid": 0.39648714781518823,
    "HY_level": 0.5873614181172436,
    "CME_basis": -0.061641503126071404
  },
  "explained_variance": 0.4364391745214247,
  "n_observations": 86,
  "method": "PCA"
}